<?xml version="1.0" standalone="yes"?>
<DATAPACKET Version="2.0">
<METADATA>
<FIELDS>
<FIELD FieldName="col1" DisplayLabel="Column_2" FieldType="String" FieldClass="TField"/>
</FIELDS>
</METADATA>
<ROWDATA>
<ROW col1="168.tif&#160;"/>
<ROW col1="&#160;288.000000&#160;"/>
<ROW col1="384.000000&#160;"/>
<ROW col1="8.000000&#160;"/>
<ROW col1="138.500000&#160;"/>
<ROW col1="64.500000&#160;"/>
<ROW col1="89.000000&#160;"/>
<ROW col1="82.000000&#160;"/>
<ROW col1="148.500000&#160;"/>
<ROW col1="&#160;93.500000&#160;"/>
<ROW col1="&#160;1.000000"/>
<ROW col1="&#160;1.000000&#160;"/>
</ROWDATA>
</DATAPACKET>
